Id,SalePrice
1461,172789.443298596190289
1462,177523.234302187804133
1463,187096.692609614634421
1464,189701.980240613193018
1465,182987.551891663926654
1466,186346.219476615457097
1467,183696.311471504974179
1468,185481.946335849876050
1469,183246.018650121171959
1470,175009.243915253289742
1471,183700.469159363623476
1472,172180.817120163526852
1473,171756.844100676884409
1474,178884.417857881926466
1475,173494.569298049231293
1476,195359.768153961253120
1477,189118.659007099777227
1478,191424.695886540197534
1479,189788.920358990057139
1480,200179.010026010364527
1481,194312.438842080591712
1482,187384.385188272921368
1483,184391.895067062898306
1484,184370.667738954914967
1485,189193.138278522645123
1486,188757.777686430868926
1487,193563.982651718484703
1488,187326.728458549332572
1489,184221.687588259432232
1490,186275.259611150890123
1491,186926.520817445154535
1492,164647.013394433888607
1493,188436.124544497142779
1494,191835.238966905395500
1495,190694.873548585630488
1496,187764.604356251278659
1497,181821.147466935712146
1498,183202.859176334022777
1499,181259.026944034529151
1500,180959.372541496442864
1501,183476.475399960996583
1502,184594.680046134802978
1503,189147.548308813857147
1504,190467.678422821627464
1505,186600.236863112368155
1506,182963.396919169725152
1507,188962.797466911142692
1508,184475.876750391733367
1509,178516.935976401320659
1510,177819.959689569834154
1511,176473.254237587389071
1512,180775.473479704465717
1513,178495.962085917271907
1514,176915.479347451735521
1515,176948.008081631502137
1516,179219.478256819944363
1517,181554.038079049758380
1518,175841.569025517354021
1519,186765.873814538674196
1520,175321.804340434871847
1521,175990.569893783860607
1522,180951.735930252238177
1523,169402.233075369644212
1524,169835.240451606863644
1525,173402.972804446966620
1526,171584.447883899731096
1527,169775.940756139025325
1528,172677.153585527004907
1529,177577.026443306589499
1530,182470.946717776474543
1531,172765.166902019933332
1532,169517.092951602069661
1533,171470.718243479524972
1534,169224.536111295805313
1535,174431.129705592553364
1536,169838.320610685565043
1537,164465.715899255999830
1538,173694.901125241187401
1539,175797.903177258878713
1540,167990.425898655288620
1541,173973.522505199041916
1542,173350.670813703560270
1543,174008.487727798725246
1544,161418.262416451063473
1545,168272.165363772510318
1546,173021.634537358972011
1547,170632.112182400218444
1548,169902.512250869622221
1549,170462.475965576450108
1550,172239.494797917461256
1551,170087.093042262044037
1552,175401.092711357603548
1553,175096.511338980839355
1554,172051.628056028857827
1555,180523.186559657595353
1556,168232.337967646453762
1557,164648.134113068372244
1558,171399.672501507215202
1559,169549.843219209113158
1560,170612.833156682405388
1561,170981.665981679281686
1562,175042.570956632524030
1563,174400.387736222153762
1564,180246.481655955169117
1565,181706.934965671040118
1566,186281.759281664795708
1567,166541.699323412060039
1568,192857.895156653597951
1569,179085.993324010662036
1570,179370.590119163622148
1571,173057.995964798930800
1572,177609.944103877060115
1573,188941.766581490810495
1574,176157.797407750884304
1575,188572.528544787346618
1576,190993.608616103272652
1577,184142.093481965042884
1578,174420.196139111765660
1579,176104.617981874180259
1580,187487.395302644406911
1581,179493.081692216626834
1582,173484.953879205131670
1583,190814.019402784761041
1584,189546.928428056446137
1585,180065.004741758893942
1586,166224.140631091868272
1587,173166.552523655089317
1588,180284.255924227472860
1589,166971.400554510415532
1590,175289.004016228485852
1591,173877.134230021503754
1592,171932.214889030059567
1593,173110.929598049813649
1594,174042.427138177357847
1595,172881.856509142671712
1596,182275.305203926574904
1597,179841.181141288572690
1598,186856.769975814095233
1599,183976.681861609802581
1600,183201.945438053808175
1601,164292.801762705552392
1602,172282.439589530986268
1603,166928.598757507017581
1604,189315.399357021844480
1605,188164.424746925331419
1606,179611.618345562601462
1607,179164.330111370363738
1608,188921.662493536539841
1609,184199.720925500820158
1610,183211.873110899148742
1611,175992.508120032434817
1612,183356.047536935628159
1613,182922.715997981198598
1614,179135.191482776164776
1615,173903.160131057287799
1616,172664.550625621515792
1617,171262.275328808260383
1618,173559.171013688057428
1619,175801.989175205351785
1620,176991.100746076612268
1621,176195.690662291948684
1622,182023.698841368779540
1623,188779.805955371441087
1624,189655.262714431621134
1625,173724.690226535487454
1626,183250.840535397495842
1627,188520.912298197043128
1628,195607.523142888676375
1629,186286.858792989922222
1630,190139.475500171072781
1631,186638.116208736173576
1632,184499.319416221987922
1633,187728.240550034533953
1634,186024.259749740594998
1635,187001.090725494199432
1636,181331.798058414133266
1637,182620.035645885422127
1638,187403.152661653002724
1639,182372.075512385141337
1640,188176.013083793397527
1641,182945.536189802311128
1642,188688.984454913326772
1643,187976.119445050455397
1644,189429.510329285316402
1645,184528.124663263733964
1646,182688.449605199741200
1647,180968.373333972296678
1648,177785.246904468483990
1649,178307.732850241387496
1650,172570.323907257959945
1651,173438.040386097185547
1652,171713.023452475783415
1653,170997.520438813109649
1654,180244.870346979994792
1655,177296.096419919078471
1656,178468.454409260273678
1657,178635.836142603657208
1658,181651.804228938737651
1659,173311.687930307729403
1660,180850.315997228433844
1661,198265.360129665088607
1662,193787.259402295487234
1663,192190.546289280202473
1664,196175.364676530298311
1665,189579.386871862632688
1666,194611.443979396513896
1667,195876.820069991139462
1668,192710.894159572257195
1669,191506.108379000623245
1670,192535.233759169641417
1671,189633.104210175573826
1672,194769.514573753695004
1673,194967.999210270238109
1674,187779.704121600574581
1675,185562.060769527248340
1676,186080.994592457718682
1677,186794.944788878725376
1678,199593.940144361229613
1679,195849.584588695375714
1680,191166.841899472929072
1681,186153.536884277476929
1682,192885.061415199335897
1683,183539.190514802583493
1684,187671.154250585474074
1685,188428.222228148661088
1686,185410.031251853884896
1687,188295.262890894373413
1688,189653.507652919186512
1689,189826.112064558546990
1690,189631.861068099125987
1691,189364.814593773218803
1692,192672.584772258938756
1693,187375.118451157148229
1694,188024.783468979352619
1695,185428.426412368746242
1696,192697.636035772156902
1697,187102.482091594923986
1698,194859.766364934184821
1699,191730.669517276430270
1700,191384.943272871052613
1701,191816.991408499452518
1702,188732.350043905433267
1703,189784.170051267574308
1704,190097.487755038804607
1705,191325.674748261080822
1706,193221.356191255792510
1707,186634.369650762557285
1708,183855.457032698963303
1709,191493.058561612357153
1710,187321.278907649451867
1711,191977.535643277777126
1712,189459.971542950544972
1713,187922.862899471510900
1714,185831.521252934529912
1715,186910.074865646660328
1716,181273.720387937180931
1717,182284.911445053352509
1718,178090.457392821554095
1719,189878.905170985381119
1720,188114.185036450449843
1721,179863.437611428613309
1722,177957.293493106932146
1723,179756.311113093513995
1724,185266.282794106955407
1725,190655.385462638223544
1726,184748.498973175068386
1727,178132.992111907253275
1728,183931.173182622704189
1729,182697.015295292658266
1730,180607.507505872752517
1731,172736.052574709174223
1732,177906.299307210603729
1733,174331.716814323386643
1734,176567.021994643058861
1735,177593.067249436397105
1736,172691.302645123010734
1737,187531.778249861934455
1738,188039.759389132814249
1739,186756.042292300087865
1740,188925.616246549354400
1741,186271.957571167527931
1742,180671.905145177384838
1743,182049.458936373528559
1744,193250.307475982554024
1745,181911.793285940453643
1746,184951.466849919583183
1747,189112.333464948518667
1748,185488.457779712218326
1749,181509.457037508080248
1750,175589.812915165908635
1751,188350.874892245570663
1752,174457.956999594054651
1753,176417.217012389388401
1754,186220.845497876347508
1755,183231.075206414621789
1756,173584.308978308486985
1757,172919.170748716191156
1758,178813.795592695591040
1759,176542.761841310799355
1760,180750.977949878724758
1761,178149.897920354036614
1762,184672.177496496995445
1763,184205.592628353129840
1764,174261.951118069700897
1765,175127.748268568073399
1766,183849.400158912263578
1767,182325.562734148756135
1768,175445.441994316177443
1769,180116.637611850019312
1770,178036.535201323888032
1771,174178.850020534300711
1772,172000.864891152683413
1773,175186.393387274962151
1774,177791.365200092579471
1775,175496.529958361381432
1776,170882.587086314015323
1777,169628.263006172201131
1778,174587.908866157173179
1779,177888.589043561223662
1780,180976.479556716018124
1781,174725.864650069765048
1782,169452.861149824864697
1783,179608.162926333461655
1784,170231.791181248292560
1785,170790.435449269483797
1786,174946.546606895455625
1787,178731.367884602339473
1788,164251.245317355671432
1789,168538.132296814059373
1790,169464.566384896083036
1791,182492.353199627541471
1792,176795.346007569634821
1793,177532.553169565217104
1794,175914.129485603538342
1795,172319.987159125856124
1796,180533.493119685736019
1797,172749.416883681697072
1798,174799.120241366123082
1799,169660.973769964533858
1800,176625.424837274913443
1801,172999.987677533674287
1802,173930.467532192298677
1803,179628.199811752623646
1804,175957.641716806596378
1805,176848.804043665615609
1806,169272.928035389923025
1807,169534.136735309555661
1808,170143.753267356078140
1809,175292.724620552762644
1810,172607.244701502873795
1811,166884.961532314511715
1812,166902.992570117872674
1813,168990.422997516870964
1814,166578.352784441609401
1815,161528.616745548846666
1816,168360.919889702752698
1817,170885.254231015540427
1818,173759.490580550336745
1819,174311.788665084954118
1820,169730.964854133751942
1821,171237.319800205295905
1822,176569.761090592422988
1823,162894.423494383110665
1824,172059.330078995903023
1825,175692.545781858119881
1826,174124.573208470217651
1827,169870.551765431126114
1828,170715.049275132885668
1829,168535.496860080398619
1830,172833.596796876023291
1831,171341.960736019216711
1832,169122.533609044941841
1833,174855.584491213900037
1834,177270.385421667189803
1835,168308.052009986306075
1836,166401.536364343395690
1837,165846.447690766683081
1838,170674.439142379618715
1839,170624.903954857640201
1840,179783.588888154976303
1841,174789.970361328829313
1842,167533.621898338780738
1843,180795.152789414772997
1844,182523.811516403045971
1845,180390.298447242181282
1846,181130.843363197986037
1847,182048.039288188883802
1848,166049.393209651025245
1849,175300.792598953325069
1850,170398.727085758786416
1851,176375.825355051347287
1852,173489.482503124745563
1853,179516.747051678772550
1854,180208.100667551800143
1855,179790.484103323513409
1856,189796.631074238830479
1857,178514.817140077764634
1858,176209.340224305284210
1859,176369.375719741190551
1860,177905.719370369100943
1861,176369.048668645962607
1862,187253.974240937706782
1863,187137.544051040691556
1864,187138.644131997309159
1865,195106.060944571188884
1866,193857.722886082949117
1867,188223.020597441325663
1868,191252.643682465743041
1869,187026.976751307840459
1870,188775.060009915760020
1871,191404.658691914839437
1872,189054.183555102063110
1873,189993.236214478092734
1874,178584.090577688009944
1875,186976.789234626776306
1876,187701.154847804136807
1877,185398.037759077240480
1878,188111.235810556536308
1879,178848.872400406544330
1880,174207.845741113967961
1881,188864.136433376435889
1882,192547.600245946028735
1883,184573.045879740471719
1884,185341.207489417050965
1885,190078.290717134746956
1886,190521.668039827287430
1887,186376.251280199910980
1888,190247.960640068835346
1889,187556.717138323147083
1890,176524.445157090580324
1891,177480.641921634698519
1892,169825.089998585637659
1893,172602.723699713213136
1894,174157.909047820110573
1895,176056.499670226068702
1896,174020.309973541792715
1897,173177.996348245651461
1898,173752.588264187565073
1899,176793.765498600987485
1900,177149.140227938565658
1901,176473.820874394528801
1902,177891.837989103107248
1903,182653.522476674610516
1904,176672.339090868335916
1905,182115.242433867708314
1906,173386.243153691000771
1907,181990.137721052917186
1908,172301.181638986570761
1909,178401.151980380411260
1910,177067.473730831727153
1911,186177.858607670961646
1912,184068.281636278377846
1913,176324.730428412090987
1914,160713.229200117144501
1915,191103.234815819450887
1916,161568.988958430942148
1917,188777.196309456921881
1918,178706.043331274908269
1919,181764.623366614221595
1920,175604.832595641550142
1921,196034.295310253626667
1922,193293.892353624774842
1923,188351.999813283036929
1924,193006.361277049378259
1925,187841.946167020971188
1926,194856.988822205486940
1927,176076.596059593430255
1928,183320.168760669534095
1929,173912.236980348505313
1930,179546.567987826972967
1931,177209.533876670087921
1932,176060.950980460474966
1933,188253.390181655093329
1934,186926.188065009395359
1935,185869.226621205481933
1936,188858.747323475836311
1937,186771.211162931373110
1938,180470.925688052258920
1939,186335.602463352872292
1940,183861.811514469387475
1941,186024.266936419589911
1942,183918.405961663083872
1943,187212.340052560059121
1944,198459.941904905135743
1945,194415.326798843889264
1946,175535.583602160564624
1947,189751.551310910785105
1948,184621.659569550567539
1949,187479.793283242936013
1950,182733.968190820160089
1951,186749.230517601914471
1952,183074.513117055583280
1953,183705.357857524359133
1954,183522.165132947731763
1955,174383.436647259135498
1956,191147.730221041361801
1957,178627.933740474167280
1958,194844.126953399245394
1959,176589.416112156002782
1960,173000.364549799764063
1961,172529.849888334108982
1962,171311.062234095006716
1963,172955.606903535197489
1964,173297.563425746891880
1965,179685.791614920221036
1966,174499.641782239428721
1967,190924.605544553924119
1968,195450.202059648174327
1969,194220.279162660852307
1970,197427.723020109522622
1971,199846.421440769743640
1972,197367.951031180506106
1973,193872.901307821244700
1974,194747.210752694576513
1975,196212.819803126680199
1976,192192.143377086118562
1977,197156.513644588936586
1978,196407.892742000112776
1979,192577.769987534731627
1980,187190.246237205836223
1981,193073.190877818531590
1982,186077.182975869276561
1983,185433.809935387573205
1984,182572.079989712539827
1985,188592.612076364632230
1986,183977.833250204595970
1987,187685.901079480361659
1988,187984.449670451809652
1989,188842.389157110796077
1990,190714.165271345991641
1991,188321.765730625251308
1992,192229.756926171074156
1993,186411.856102236750303
1994,190731.211922318849247
1995,188557.944412638404174
1996,191935.883093721145997
1997,192412.037309026694857
1998,192586.278096782509238
1999,193203.711201330355834
2000,193874.764894234976964
2001,192479.714091521222144
2002,185095.040711732377531
2003,191400.269340444094269
2004,195576.056024973891908
2005,187395.967139725020388
2006,187309.664989882847294
2007,189154.646599511877866
2008,186858.024636395915877
2009,187193.926094056281727
2010,187189.324204361852026
2011,179432.919312678743154
2012,184441.440051840676460
2013,185739.002838085929397
2014,186465.491205301834270
2015,189287.900436607451411
2016,185848.963452531141229
2017,185649.495357852167217
2018,177456.960355767747387
2019,176366.827560488338349
2020,168340.744478308304679
2021,172872.557053989236010
2022,182506.866969982133014
2023,176938.889603556948714
2024,190432.026391910301754
2025,193996.785060633061221
2026,183119.927600357419578
2027,181449.857127095165197
2028,178111.926453887310345
2029,178471.119048321619630
2030,189349.936858739092713
2031,188271.891751553193899
2032,187679.460382758523338
2033,187721.315353778889403
2034,179409.361209676077124
2035,191175.427133066259557
2036,182922.051727642043261
2037,182919.370093149715103
2038,190017.313154200004647
2039,186479.642592751886696
2040,192643.150764877500478
2041,189209.833380023017526
2042,186457.170013416354777
2043,183566.540061448700726
2044,181515.220982258877484
2045,184614.001299810508499
2046,175953.069775705109350
2047,178677.493527152604656
2048,175351.458655978756724
2049,175418.720661282539368
2050,181941.496986511367140
2051,176550.974708791443845
2052,175077.029516788839828
2053,179108.512877172353910
2054,171251.611853428359609
2055,176275.236985839554109
2056,177699.377076701610349
2057,175984.984855681133922
2058,187860.994112468935782
2059,176910.159519693988841
2060,179374.738231172610540
2061,181883.944295604131185
2062,174511.829261364910053
2063,171119.677278402319644
2064,175158.766983255074592
2065,169165.368694030912593
2066,182493.050831465894589
2067,181756.992567178938771
2068,172033.089206461765571
2069,166689.074833792808931
2070,167623.903431688726414
2071,169861.029440616111970
2072,176340.929507628257852
2073,180467.448258951393655
2074,184739.104662716243183
2075,178592.143620145739987
2076,172739.323966905416455
2077,174605.841031468968140
2078,172933.568143475917168
2079,175953.738732176832855
2080,168255.276062271936098
2081,171244.985743817815091
2082,172234.740588403365109
2083,175220.296616511390312
2084,169947.394544825394405
2085,174634.446895068715094
2086,172969.983080398669699
2087,172559.382297636941075
2088,169914.287882414908381
2089,168403.590652521728771
2090,172326.991148098430131
2091,168752.521745443518739
2092,170066.897140996123198
2093,164137.788754538720241
2094,171948.484338357113302
2095,174104.631394993222784
2096,163271.118636005237931
2097,168629.265147618949413
2098,172566.833807643764885
2099,162881.728509055974428
2100,169535.331430298509076
2101,167241.692741507053142
2102,173575.187575151299825
2103,169363.173231265885988
2104,171246.430033684504451
2105,174156.161570687254425
2106,161350.366121445433237
2107,179338.146504938369617
2108,168201.268564150930615
2109,169607.004752510343678
2110,172682.715751401730813
2111,174542.628371306112967
2112,172601.063449389010202
2113,169462.901032709749416
2114,173623.992487992509268
2115,175058.383162706886651
2116,171994.282607838220429
2117,174631.841172232845565
2118,173839.298360922315624
2119,170091.188214919180609
2120,176097.148268625722267
2121,168725.535920236405218
2122,170397.530699944443768
2123,167664.810522508778377
2124,174695.091095490613952
2125,173961.053825677401619
2126,178649.850595111143775
2127,174939.864770670828875
2128,169697.148926063295221
2129,168672.026456183695700
2130,172131.725029019173235
2131,174569.127403790480457
2132,169690.111860321339918
2133,171101.915114552422892
2134,173257.969638160022441
2135,168698.802158771170070
2136,164479.696421399334213
2137,171269.127437641145661
2138,173112.575819014979061
2139,178783.355320518749068
2140,177808.991186662839027
2141,183808.666942787531298
2142,178470.406576098204823
2143,177058.307749233732466
2144,169245.489245401025983
2145,179598.646066185465315
2146,178969.320052192837466
2147,179397.850781102839392
2148,171214.041291760484455
2149,176460.443282239517430
2150,188363.367816935176961
2151,174296.187843082851032
2152,179073.848030301596737
2153,176137.079706917167641
2154,170426.005575722316280
2155,176750.359935640939511
2156,190956.219719649729086
2157,188853.734325907658786
2158,191690.354478388442658
2159,189146.178124368801946
2160,190582.038729543535737
2161,189381.026855914416956
2162,194942.835152798623312
2163,196407.464511272031814
2164,192080.518260412587551
2165,184549.065933701494941
2166,177981.408940519118914
2167,189092.762878102803370
2168,187012.869846525951289
2169,187936.967989519936964
2170,187364.073867976054316
2171,179736.775735593895661
2172,178889.199683073413325
2173,180692.587259224354057
2174,187631.510314443992684
2175,194894.848136490763864
2176,192233.417914999241475
2177,190641.195000762061682
2178,189181.719702081463765
2179,178981.400625889713410
2180,180494.722986502019921
2181,183247.231307138630655
2182,185810.395015242305817
2183,185399.387712764437310
2184,174166.478410261246609
2185,180969.630440970009658
2186,176880.330838340509217
2187,181833.586029296769993
2188,182425.606947062420659
2189,188887.882814999582479
2190,166593.344483358698199
2191,166975.220645214198157
2192,166251.972323046094971
2193,170380.853143346525030
2194,174808.509720504138386
2195,173185.763117367401719
2196,170970.058138730702922
2197,170713.928017845464638
2198,179378.579051807289943
2199,178841.203716973803239
2200,173858.414101666101487
2201,175258.271306051086867
2202,178091.828110210364684
2203,180003.481574217730667
2204,179666.198917993955547
2205,170990.197489033133024
2206,173943.236507217370672
2207,185286.131664247339359
2208,186282.632243436266435
2209,181914.300112303375499
2210,174506.220595513063017
2211,167671.231900345854228
2212,170743.493303603667300
2213,169697.310810813942226
2214,177863.591426930070156
2215,169641.194598440430127
2216,175769.723964868229814
2217,162676.762020214402582
2218,166354.699568084557541
2219,161564.116710904374486
2220,168103.157153412350453
2221,191350.730512095848098
2222,188520.711391408753116
2223,192418.846414606290637
2224,188053.753656715038233
2225,178190.717094066523714
2226,180203.741604289505631
2227,186271.698279752890812
2228,191441.620956422528252
2229,195596.029572344559710
2230,181975.453407337976387
2231,191317.178926514432533
2232,184783.172055950155482
2233,185694.511708024539985
2234,190776.543339513271349
2235,185157.809479869290954
2236,191412.459980545623694
2237,194995.024883919890271
2238,185968.787244467152050
2239,176083.201460024254629
2240,179166.981020710692974
2241,178986.972479899530299
2242,173975.807309252559207
2243,176338.521730742009822
2244,173537.984416982944822
2245,175956.090476204903098
2246,176113.858877784368815
2247,177847.871354752714979
2248,175847.429648339108098
2249,176114.492052368907025
2250,174950.596724830567837
2251,174875.826270934281638
2252,180461.430568547511939
2253,185985.760934911784716
2254,186972.080882900772849
2255,186518.486514667776646
2256,182904.191318476077868
2257,188448.615311956527876
2258,181792.691069594759028
2259,186658.497666837356519
2260,179335.775161156721879
2261,183910.616889173776144
2262,184447.271297082712408
2263,197477.297972625936382
2264,201756.849166073836386
2265,179621.185887095227372
2266,191445.998793043923797
2267,195374.899640622257721
2268,197806.593905133515364
2269,180051.573577660165029
2270,187304.440019848465454
2271,185289.648537396191387
2272,189133.512162782106316
2273,181309.040023222536547
2274,185564.700762238324387
2275,183860.486131071549607
2276,187777.336171174509218
2277,182447.877270265831612
2278,173906.638212781253969
2279,177690.634301895508543
2280,172539.332324723392958
2281,183386.812942866468802
2282,183756.849627595685888
2283,173102.566057923511835
2284,174852.549976888025412
2285,175586.441764195362339
2286,171972.970519679191057
2287,194966.915294037287822
2288,190783.810383533884306
2289,195510.302111543540377
2290,198245.698713060148293
2291,194909.287055344088003
2292,196143.839174578548409
2293,196298.596755568461958
2294,198237.491929588082712
2295,200617.445781986752991
2296,190607.571817780786660
2297,197830.538599765131949
2298,196366.945146701589692
2299,195616.078118359990185
2300,193957.751278793584788
2301,195235.948995729093440
2302,188320.598900959797902
2303,187291.926420389034320
2304,190827.854068488086341
2305,184829.877543290727772
2306,182807.666665577649837
2307,185424.876904961129185
2308,186403.169321552704787
2309,188430.615610878507141
2310,188320.810419919755077
2311,185061.425587902369443
2312,186293.066083658224670
2313,186206.303654150455259
2314,187431.182327075337525
2315,188933.500052384246374
2316,187083.421882434398867
2317,186579.591601325111696
2318,188916.821906946337549
2319,187393.569139400147833
2320,184077.211770024325233
2321,189170.181575412279926
2322,187240.100849708367605
2323,186999.341473605192732
2324,190167.177168114401866
2325,189863.432438659889158
2326,188124.483457404247019
2327,188691.354922838567290
2328,191892.194180602731649
2329,187839.694955654966179
2330,187721.030175846128259
2331,196218.125171776278876
2332,197274.693116889160592
2333,193443.444538983574603
2334,190258.431937775749248
2335,191564.783181773935212
2336,193648.882332826789934
2337,183676.981511007616064
2338,189605.299002920917701
2339,188372.723608124215389
2340,197308.456558243313339
2341,187836.641047526267357
2342,186988.049922958307434
2343,188961.892320168903098
2344,185950.142012456548400
2345,187373.269766734796576
2346,187081.595682787243277
2347,185012.375213270453969
2348,191980.187922275828896
2349,185835.775300330918981
2350,196519.411773499683477
2351,189221.642810069810366
2352,189445.850191951176384
2353,190787.768942285765661
2354,180661.674264943168964
2355,179259.682420800207183
2356,178001.554033087857533
2357,184545.444426132482477
2358,185801.825456669961568
2359,181143.547766721283551
2360,171862.299620239500655
2361,177209.454637026356068
2362,188562.656843667646172
2363,179217.439277480734745
2364,182275.515089758875547
2365,188307.409848173061619
2366,186698.889641771849710
2367,186063.483914049138548
2368,186254.997449123882689
2369,186567.607828752952628
2370,181047.863967243407387
2371,179612.795891601999756
2372,181364.353944517933996
2373,187934.396760307543445
2374,193546.247117716091452
2375,187081.618883742077742
2376,189228.479760299960617
2377,187267.689387478429126
2378,180342.825221645092824
2379,185832.842471906420542
2380,178334.588520632009022
2381,181297.468528078898089
2382,185090.114411014452344
2383,184515.865291072725086
2384,187814.181733677280135
2385,182714.425916275824420
2386,176793.564909801410977
2387,175142.789457182399929
2388,172227.050248367246240
2389,173600.938778230600292
2390,178654.157390653213952
2391,180737.165744883066509
2392,171495.442742423969321
2393,182779.168656241701683
2394,181667.242850858601741
2395,186443.552560129493941
2396,179355.407251323311357
2397,182244.098693211766658
2398,173683.669321603752906
2399,163415.954419786634389
2400,163405.688211465138011
2401,172062.003044027107535
2402,176946.964792460959870
2403,175393.260528876853641
2404,184403.973412382183596
2405,181632.950133902311791
2406,176031.166314865578897
2407,175936.711063091235701
2408,176503.129860544722760
2409,176799.057825687690638
2410,178645.077319217991317
2411,170555.381178860785440
2412,180281.749275343172485
2413,174244.093015681981342
2414,174625.222903393645538
2415,174816.692271791660460
2416,169851.339026376372203
2417,173676.203722379810642
2418,172400.010310381971067
2419,171799.319472711853450
2420,174755.550320997281233
2421,176573.008554298343370
2422,172378.991099634964485
2423,172591.739401312632253
2424,178537.102078084746609
2425,186550.327842674247222
2426,175423.615497608639998
2427,175272.842468858434586
2428,186249.392151203588583
2429,174154.679887359059649
2430,176196.872165996377589
2431,173877.453220742521808
2432,178752.060436228930485
2433,176928.375419339165092
2434,174452.108803386567160
2435,175162.093392282840796
2436,177169.067595577129396
2437,170971.258895597333321
2438,177646.154137626377633
2439,170881.181363353593042
2440,170539.209420145780314
2441,163228.801978452538606
2442,169411.115779152809409
2443,173252.720879281463567
2444,174352.989112578768982
2445,165197.148639069841010
2446,173439.014665589958895
2447,178272.645582125696819
2448,175116.380172067030799
2449,172222.309669906826457
2450,171882.793456635903567
2451,175286.230365741474088
2452,174571.111942499410361
2453,170963.231667656102218
2454,179222.606623572413810
2455,168794.608767644560430
2456,170007.198517252079910
2457,173433.317636866559042
2458,177306.662300709693227
2459,169641.372535147296730
2460,174838.919036352686817
2461,170907.095720789016923
2462,173867.037389160279417
2463,167259.847037384199211
2464,176179.305748797749402
2465,171828.939253692427883
2466,172313.908484002167825
2467,175367.103646686678985
2468,166458.648144420090830
2469,161790.418308764317771
2470,181806.070704704412492
2471,182355.725183863949496
2472,172198.833404639037326
2473,170798.421503829129506
2474,166869.181561321136542
2475,182713.924899175966857
2476,168036.025820296257734
2477,171972.029562825278845
2478,175376.199983231141232
2479,169399.890819041174836
2480,178785.530422076728428
2481,177912.474027530406602
2482,175514.396424676117022
2483,176387.539571396628162
2484,173323.477955288166413
2485,174145.762840036477428
2486,176975.134343435202027
2487,184619.452724089671392
2488,177628.156636250641895
2489,178380.166777381993597
2490,177886.563883282768074
2491,167375.766544977755984
2492,184510.009559575992171
2493,181558.747150043054717
2494,175937.721228591573890
2495,167215.447960490535479
2496,186530.142899106052937
2497,177017.310510931274621
2498,173756.654481026344001
2499,169846.981404076970648
2500,177054.435137699823827
2501,173733.974059579166351
2502,175106.638325251464266
2503,166633.568954437854700
2504,184702.404406895104330
2505,188495.348634265566943
2506,192072.614956269448157
2507,192107.025445589679293
2508,192383.307985610736068
2509,188387.068770590849454
2510,188081.391039911628468
2511,182370.691542621934786
2512,187868.173453832772793
2513,189892.867576324526453
2514,192514.193420180177782
2515,177641.968242834467674
2516,185734.674961902463110
2517,178230.125295798672596
2518,181269.983597439422738
2519,192760.465506843611365
2520,190712.721420595626114
2521,185916.293300973891746
2522,189599.693295665085316
2523,176237.449161196651403
2524,180170.041674632520881
2525,178245.591273383091902
2526,177780.966603145381669
2527,177221.278935308480868
2528,174129.120173426141264
2529,176656.943234293663409
2530,173962.581187537463848
2531,189505.908110559103079
2532,188437.591426962462720
2533,187265.710743095842190
2534,189038.239653186319629
2535,192576.292637205042411
2536,190870.627054209209746
2537,191180.916902960190782
2538,187942.641688396950485
2539,184853.742789388954407
2540,186018.290856251900550
2541,185298.911441708711209
2542,185440.114478160685394
2543,178241.925573538901517
2544,168297.410537227260647
2545,171416.304555699840421
2546,174811.917985799955204
2547,177352.105841769312974
2548,183808.275358493934618
2549,184632.144096500298474
2550,207019.063400405982975
2551,178946.840148515912006
2552,175298.492027420114027
2553,169634.757761144835968
2554,170055.123963686317438
2555,172651.934331781551009
2556,172210.827555437979754
2557,170807.497569915780332
2558,172444.360693576396443
2559,171670.388184759678552
2560,176738.081950614810921
2561,175797.600930263142800
2562,171890.239071002753917
2563,173003.669316628889646
2564,181137.319844543904765
2565,183095.028099888877477
2566,181828.013612474082038
2567,174095.421290843602037
2568,184398.578545760741690
2569,185481.789262044447241
2570,173605.299882496270584
2571,180769.314545693428954
2572,178697.211416020290926
2573,187614.280141387658659
2574,189874.979715274996124
2575,171759.867818343045656
2576,171465.442664278671145
2577,177779.617895579198375
2578,167768.466452109452803
2579,165748.777875270607183
2580,169127.824795670516323
2581,172238.633373983408092
2582,169827.341824134986382
2583,190839.308605886239093
2584,184703.594638404290890
2585,186709.597918607527390
2586,186664.752164123230614
2587,183980.694648421369493
2588,177775.473659378243610
2589,178589.703882581059588
2590,187629.612596463441150
2591,189198.134278647397878
2592,187305.113373792526545
2593,191384.314319025463192
2594,179188.395590818428900
2595,184934.104915754520334
2596,191620.581640376069117
2597,186333.091399932687636
2598,195629.387651472003199
2599,196895.204799830971751
2600,181775.193252043827670
2601,181650.419906314578839
2602,170542.197001298860414
2603,174583.477507696079556
2604,173313.935958427115111
2605,173123.152231373038376
2606,181515.414684403687716
2607,190995.122811281413306
2608,181597.660680944682099
2609,184288.855371523299254
2610,174516.489084299682872
2611,173677.249793093011249
2612,178512.566266415378777
2613,176979.237255312618800
2614,175708.398152016918175
2615,178444.131376017641742
2616,177161.394890055613359
2617,181575.096645101206377
2618,186486.749426089634653
2619,185350.165123311162461
2620,189010.901941632560920
2621,186159.062119622249156
2622,187001.311095782351913
2623,192135.853209187596804
2624,197278.425846822297899
2625,188859.551912920607720
2626,185254.268986883864272
2627,179826.930643148021773
2628,203029.936853996623540
2629,202734.004504301934503
2630,201505.788667671557050
2631,199842.650907072500559
2632,201346.386506748327520
2633,190815.843367831024807
2634,195891.493539720715489
2635,182320.817796305986121
2636,186513.606610655435361
2637,184559.802550409542164
2638,191733.263501983106835
2639,183333.810741766646970
2640,178687.299800546839833
2641,171671.422685717174318
2642,182506.426631632813951
2643,173963.854181950271595
2644,175102.740615485439776
2645,173813.597684725013096
2646,171870.801931382418843
2647,173676.618473113834625
2648,178681.549489838129375
2649,178124.294890079705510
2650,173240.238674820924643
2651,180578.667388284666231
2652,195309.077357447386021
2653,189302.552719553961651
2654,189129.656449048052309
2655,198170.611271833040519
2656,198927.838808082859032
2657,196036.854428739607101
2658,194560.441609270928893
2659,195408.208683844481129
2660,197745.911580705753295
2661,195695.650680604856461
2662,195551.359403334558010
2663,192988.336958799627610
2664,187042.410071079037152
2665,192825.418100661161589
2666,190290.730540863587521
2667,188358.954526480461936
2668,187685.509972004947485
2669,187291.224190204520710
2670,196105.856180258182576
2671,188957.362668930349173
2672,187919.006905131216627
2673,185702.805586021800991
2674,184162.727504629438045
2675,186621.712628585752100
2676,189503.214271468634252
2677,187705.379729540494736
2678,191209.526314226939576
2679,192759.190313617844367
2680,192067.472553724597674
2681,196857.012916752835736
2682,193056.873783896997338
2683,200929.706331543158740
2684,195767.079860029160045
2685,191962.324990198365413
2686,194454.497670004260726
2687,193957.053927724366076
2688,187276.692171091010096
2689,185770.745343845075695
2690,196568.131732730369549
2691,184206.714995170477778
2692,181759.191575557080796
2693,188318.027940287982346
2694,180533.879326043475885
2695,186553.707532260566950
2696,186438.126077209482901
2697,186356.877407241699984
2698,186347.979266098205699
2699,179672.480585638812045
2700,179399.937370799307246
2701,185016.349540317780338
2702,174907.722370380943175
2703,177505.197345938591752
2704,176013.834894890722353
2705,174873.016691133816494
2706,173298.234868851752253
2707,173905.526849730988033
2708,176201.411915376462275
2709,171708.927466635766905
2710,177108.307102451741230
2711,188090.355366080999374
2712,197645.598017490818165
2713,182043.893465186934918
2714,179904.765935429197270
2715,181163.495985715475399
2716,183518.468729638116201
2717,188027.254228766512824
2718,186495.376696521707345
2719,182631.429856153874425
2720,180649.880467618815601
2721,176512.063149354158668
2722,181851.476707435416756
2723,179968.652130623522680
2724,178461.792355221754406
2725,176518.501466172194341
2726,175987.342130506149260
2727,181024.866983242885908
2728,183995.536301506159361
2729,182328.791308650135761
2730,175056.106389114574995
2731,175564.694375957187731
2732,174215.346613142552087
2733,177481.331676981993951
2734,180515.825459742540261
2735,175029.792918983381242
2736,175984.564135955646634
2737,170854.523349899507593
2738,175440.124536705785431
2739,179192.940864847216289
2740,177918.185038132272894
2741,179274.043762404704466
2742,182484.058033666195115
2743,180194.761642075842246
2744,182840.239102942810860
2745,177582.258111432311125
2746,176302.366356790182181
2747,177888.395227560133208
2748,171282.568133447144646
2749,176991.059938923426671
2750,176007.325874687026953
2751,177186.873123536730418
2752,180682.351251778716687
2753,176136.498119751748163
2754,183020.237999929056969
2755,173597.932394181290874
2756,170323.656401456159074
2757,164061.006742544414010
2758,171827.021389682515291
2759,178696.879586132505210
2760,173617.628557003394235
2761,179123.529479820630513
2762,180065.575234685529722
2763,181602.193340514524607
2764,179060.250288821174763
2765,190671.954905298538506
2766,172860.105481104372302
2767,167183.766185018670512
2768,174021.509147773584118
2769,176603.329199980827980
2770,174412.152370459982194
2771,173039.607431148266187
2772,172482.704077617323492
2773,174933.658417411323171
2774,168503.477952126180753
2775,167335.959607227676315
2776,172475.083495808357839
2777,176112.366792952903779
2778,168916.569212611793773
2779,166921.675055178406183
2780,164269.332610245328397
2781,166017.999154595483560
2782,172587.025073592405533
2783,165997.268551518878667
2784,169379.834768089291174
2785,173233.149015895090997
2786,164531.837148544029333
2787,170560.673735269228928
2788,165590.781506402941886
2789,176865.867643208301160
2790,166626.865801374777220
2791,172478.573365871910937
2792,159070.116861954651540
2793,174397.299435882508988
2794,168936.141002188553102
2795,169392.120777589501813
2796,168100.800458156765671
2797,178172.000026264286134
2798,168783.204975678236224
2799,169618.437951536121545
2800,165169.582007770717610
2801,166876.180271682445891
2802,171939.353675697464496
2803,176849.567789063439704
2804,176352.882670010294532
2805,170973.832504470716231
2806,169585.893346529483097
2807,179574.540753263747320
2808,180084.647996759944363
2809,176466.512353265890852
2810,176273.342140869266586
2811,180392.731605972163379
2812,182825.073162424581824
2813,179869.701927268732106
2814,177724.133931405987823
2815,166235.184815300744958
2816,180575.298187498003244
2817,180493.319638574321289
2818,175801.084984915913083
2819,182815.919270226586377
2820,179472.605873189750127
2821,172173.963361922069453
2822,181724.533265592472162
2823,184144.742240500519983
2824,185824.254312319942983
2825,182157.442369809898082
2826,175755.460588633752195
2827,174941.739806678349851
2828,189635.827889597887406
2829,178554.063756671326701
2830,190979.683785500092199
2831,186199.557823730632663
2832,186624.608809003140777
2833,192229.351656961545814
2834,191429.152116560871946
2835,189773.192899295856478
2836,189074.061900061496999
2837,178694.587320588907460
2838,179603.382010631408775
2839,187692.330311506579164
2840,186338.345270751422504
2841,187458.885903875372605
2842,192042.578811656479957
2843,181291.921969791117590
2844,180118.360694279574091
2845,173587.567348761862377
2846,189319.562318951182533
2847,190978.454035093513085
2848,183945.385032807651442
2849,186776.809060039551696
2850,193616.428592107753502
2851,188348.587057298544096
2852,190436.368552645319141
2853,191816.763090376509354
2854,179639.105432447337080
2855,184367.649203261797084
2856,189605.559604923910229
2857,186204.894543776696082
2858,185791.935527939931490
2859,174015.899618359457236
2860,180123.525347594666528
2861,175726.978026725701056
2862,189276.323934193234891
2863,176901.066922530910233
2864,190833.233599307946861
2865,179534.358512649836484
2866,175617.592389610916143
2867,172690.995866499724798
2868,168018.239728854998248
2869,168762.090432360360865
2870,178485.965554809954483
2871,169487.444844322541030
2872,162037.044349384232191
2873,167147.680155394104077
2874,172473.313579887122614
2875,167106.276082879863679
2876,178590.899664903263329
2877,174449.061718158161966
2878,175099.744497325125849
2879,175056.329822447238257
2880,168242.802600137860281
2881,172528.612491394887911
2882,178168.353612742503174
2883,178565.737648780574091
2884,183156.759848008339759
2885,181162.536608219525078
2886,185081.388204497692641
2887,165079.559332918986911
2888,174137.257507239351980
2889,162693.478734983713366
2890,166451.255875816626940
2891,174737.716907817521133
2892,164504.314268839370925
2893,167218.826211149047595
2894,162015.626512890536105
2895,191872.800778875680408
2896,189395.403831710282248
2897,187536.090217866469175
2898,177874.928598667698679
2899,183840.905649782536784
2900,181558.257314514106838
2901,181772.177336793334689
2902,182568.180134871450718
2903,193968.218705761973979
2904,195796.164051074243616
2905,168150.949961765611079
2906,182494.282786353025585
2907,177800.814374628505902
2908,178348.262183297803858
2909,177529.175938484229846
2910,169253.470215649897000
2911,171093.741515852743760
2912,179994.133340857311850
2913,169042.401939512754325
2914,170427.905631620349595
2915,170563.583638812735444
2916,169930.164135849860031
2917,181418.876789450907381
2918,176378.893658841669094
2919,190638.021415840834379
